{"cameraMode":{"drawMode":0,"name":"Shaded","section":"Shading Mode"},"sceneLighting":true,"audioPlay":false,"sceneViewState":{"showFog":true,"showMaterialUpdate":false,"showSkybox":true,"showFlares":true,"showImageEffects":true,"showParticleSystems":true},"in2DMode":false,"pivot":{"x":-4.868399143218994,"y":-1.9632830619812012,"z":3.447321891784668},"rotation":{"x":0.25707146525382998,"y":-0.6590674519538879,"z":0.25737646222114565,"w":0.6582653522491455},"size":5.90894079208374,"orthographic":false}